{
  "w_evidence": 0.19099300916432038,
  "w_tfidf": 0.8550270759708491,
  "w_embed": 0.8833650321353801,
  "w_yoe": 0.38583493929826884,
  "w_loc": 0.5229340208141104,
  "w_avail": 0.40087723066498676,
  "w_pen": 1.005354819201206,
  "w_own": 0.5329837747648716
}