{
  "w_evidence": 0.12988930434579793,
  "w_tfidf": 0.7618274224636452,
  "w_embed": 0.24642271541228222,
  "w_yoe": 1.2604955059209295,
  "w_loc": 0.22227342356311866,
  "w_avail": 0.3262067452055127,
  "w_pen": 0.8283388200796478
}