{
  "w_evidence": 0.15125258764552807,
  "w_tfidf": 0.40980093708587484,
  "w_embed": 0.3255490609055615,
  "w_yoe": 0.4178670178893,
  "w_loc": 0.28185038938490303,
  "w_avail": 0.5216048615693618,
  "w_pen": 0.616042334421713,
  "w_own": 0.667518270594281
}